genotype,stage,stress,Rep,Gene_1,Gene_1Ct,Gene_2,Gene_2Ct,Gene_3,Gene_3Ct,ref,refCT
R16P1,4LS,Control,1,1.8,25.17,1.8,28.527891,1.8,16.42,2,24.49
R16P1,4LS,Control,2,1.8,25.07,1.8,28.41374,1.8,16.48,2,24.8
R16P1,4LS,Drought,1,1.8,26.72,1.8,28.082955,1.8,15.6,2,25.55
R16P1,4LS,Drought,2,1.8,26.9,1.8,28.351812,1.8,15.56,2,25.36
R16P1,5LS,Control,1,1.8,26.21,1.8,27.195005,1.8,14.38,2,25
R16P1,5LS,Control,2,1.8,26.08,1.8,27.206723,1.8,14.14,2,25.2
R16P1,5LS,Drought,1,1.8,26.78,1.8,25.754816,1.8,13.23,2,26.05
R16P1,5LS,Drought,2,1.8,26.94,1.8,25.68126,1.8,13.05,2,25.87
R16P1,6LS,Control,1,1.8,26.43,1.8,28.685316,1.8,13.06,2,25.57
R16P1,6LS,Control,2,1.8,25.94,1.8,28.549848,1.8,13.22,2,25.03
R16P1,6LS,Drought,1,1.8,25.78,1.8,25.556622,1.8,11.87,2,26.44
R16P1,6LS,Drought,2,1.8,26.19,1.8,25.553147,1.8,11.69,2,26.62
R16P1,7LS,Control,1,1.8,26.42,1.8,27.21657,1.8,12.96,2,25.16
R16P1,7LS,Control,2,1.8,26.27,1.8,27.335014,1.8,12.62,2,25.05
R16P1,7LS,Drought,1,1.8,25.75,1.8,26.008603,1.8,11.35,2,25.57
R16P1,7LS,Drought,2,1.8,25.55,1.8,25.87048,1.8,11.28,2,25.57
Pishgam,4LS,Control,1,1.8,25.34,1.8,27.69033,1.8,18.61,2,24.44
Pishgam,4LS,Control,2,1.8,25.99,1.8,28.059586,1.8,17.86,2,24.57
Pishgam,4LS,Drought,1,1.8,27.39,1.8,26.460007,1.8,17.91,2,25.57
Pishgam,4LS,Drought,2,1.8,26.47,1.8,26.196126,1.8,17.86,2,25.38
Pishgam,5LS,Control,1,1.8,26.78,1.8,26.226415,1.8,17.03,2,25.26
Pishgam,5LS,Control,2,1.8,27.53,1.8,26.023469,1.8,16.9,2,25.23
Pishgam,5LS,Drought,1,1.8,25.31,1.8,25.308135,1.8,15.31,2,25.26
Pishgam,5LS,Drought,2,1.8,26.26,1.8,25.046737,1.8,15.21,2,25.52
Pishgam,6LS,Control,1,1.8,26.39,1.8,26.044416,1.8,16.24,2,25.52
Pishgam,6LS,Control,2,1.8,26.66,1.8,26.156195,1.8,16.18,2,25.43
Pishgam,6LS,Drought,1,1.8,25.54,1.8,27.839283,1.8,14.46,2,25.71
Pishgam,6LS,Drought,2,1.8,25.85,1.8,27.512413,1.8,14.43,2,26.12
Pishgam,7LS,Control,1,1.8,26.59,1.8,25.773545,1.8,15.98,2,25
Pishgam,7LS,Control,2,1.8,26.36,1.8,25.52896,1.8,15.74,2,25.52
Pishgam,7LS,Drought,1,1.8,26.04,1.8,27.059831,1.8,14.68,2,25.52
Pishgam,7LS,Drought,2,1.8,26.45,1.8,27.628244,1.8,14.53,2,25.74
